--CREATE DATABASE DYPLOMWK;
--CREATE SCHEMA DYPLOMWK
USE DYPLOMWK
SET ansi_warnings OFF
GO

CREATE TABLE DYPLOMWK.PRACOWNIK_UCZELNI(
ID BIGINT,
IMIE VARCHAR(20),
NAZWISKO VARCHAR(20),
EMAIL VARCHAR(40),
STOPIEN VARCHAR(20),
PRIMARY KEY(ID))


CREATE TABLE DYPLOMWK.PRACA_DYPLOMOWA(
ID BIGINT,
TEMAT_PL VARCHAR(100),
TEMAT_ENG VARCHAR(100),
TYP_PRACY VARCHAR(15),
PRIMARY KEY(ID))

CREATE TABLE DYPLOMWK.OCENA (
ID BIGINT,
OCENA VARCHAR(20)
PRIMARY KEY(ID))

CREATE TABLE DYPLOMWK.OBRONA(
ID BIGINT,
DATA_OBRONY DATE,
ID_PRACA_DYPLOMOWA_FK BIGINT,
ID_OCENA_KONCOWA_FK BIGINT,
FOREIGN KEY (ID_PRACA_DYPLOMOWA_FK) REFERENCES DYPLOMWK.PRACA_DYPLOMOWA(ID),
FOREIGN KEY (ID_OCENA_KONCOWA_FK) REFERENCES DYPLOMWK.OCENA(ID),
PRIMARY KEY(ID))


CREATE TABLE DYPLOMWK.KIERUNEK (
ID BIGINT,
KIERUNEK VARCHAR(30)
PRIMARY KEY(ID))

CREATE TABLE DYPLOMWK.SLOWA_KLUCZOWE(
ID BIGINT,
SLOWO_KLUCZOWE VARCHAR(20),
PRIMARY KEY(ID))


CREATE TABLE DYPLOMWK.STUDENT(
ID BIGINT,
IMIE VARCHAR(20),
NAZWISKO VARCHAR(20),
NR_INDEKSU INTEGER,
EMAIL VARCHAR(40),
PRIMARY KEY(ID))


 CREATE TABLE DYPLOMWK.OPIS_PRACY_DYPLOMOWEJ(
 ID_PRACA_DYPLOMOWA BIGINT,
 ID_SLOWA BIGINT,
 PRIMARY KEY(ID_PRACA_DYPLOMOWA, ID_SLOWA),
 FOREIGN KEY(ID_PRACA_DYPLOMOWA) REFERENCES DYPLOMWK.PRACA_DYPLOMOWA(ID),
 FOREIGN KEY(ID_SLOWA) REFERENCES DYPLOMWK.SLOWA_KLUCZOWE(ID))

 CREATE TABLE DYPLOMWK.OBRONY_STUDENTA(
 ID_STUDENT BIGINT,
 ID_OBRONA BIGINT,
 PRIMARY KEY(ID_STUDENT, ID_OBRONA),
 FOREIGN KEY(ID_STUDENT) REFERENCES DYPLOMWK.STUDENT(ID),
 FOREIGN KEY(ID_OBRONA) REFERENCES DYPLOMWK.OBRONA(ID))


 CREATE TABLE DYPLOMWK.KIERUNKI_STUDENTA(
 ID_STUDENT BIGINT,
 ID_KIERUNEK BIGINT,
 PRIMARY KEY(ID_STUDENT, ID_KIERUNEK),
 FOREIGN KEY(ID_STUDENT) REFERENCES DYPLOMWK.STUDENT(ID),
 FOREIGN KEY(ID_KIERUNEK) REFERENCES DYPLOMWK.KIERUNEK(ID))


 CREATE TABLE DYPLOMWK.OPIEKUNOWIE_PRAC_DYPLOMOWYCH(
 ID_PRACA_DYPLOMOWA BIGINT,
 ID_PRACOWNIK_UCZELNI BIGINT,
 CZY_PROMOTOR BIT,
 ID_OCENA_FK BIGINT,
 PRIMARY KEY(ID_PRACA_DYPLOMOWA, ID_PRACOWNIK_UCZELNI),
 FOREIGN KEY(ID_PRACA_DYPLOMOWA) REFERENCES DYPLOMWK.PRACA_DYPLOMOWA(ID),
 FOREIGN KEY(ID_PRACOWNIK_UCZELNI) REFERENCES DYPLOMWK.PRACOWNIK_UCZELNI(ID))



 --####################
 -- INSERT PART
 --SELECT * FROM DYPLOMWK.PRACOWNIK_UCZELNI;
 --DELETE FROM DYPLOMWK.PRACOWNIK_UCZELNI;
INSERT INTO DYPLOMWK.PRACOWNIK_UCZELNI VALUES (1,'WOJCIECH', 'KOWALSKI', 'wojciech.kowalski@pw.edu.pl', 'Doktor inzynier');
INSERT INTO DYPLOMWK.PRACOWNIK_UCZELNI VALUES (2,'PIOTR', 'ZARZYCKI', 'piotr.zarzycki@pw.edu.pl', 'Doktor inzynier');
INSERT INTO DYPLOMWK.PRACOWNIK_UCZELNI VALUES (3,'PAWEŁ', 'JANKOWSKI', 'pawel.jankowski@pw.edu.pl', 'Doktor habilitowany inzynier');
INSERT INTO DYPLOMWK.PRACOWNIK_UCZELNI VALUES (4,'BARTOSZ', 'ADAMSKI', 'bartosz.adamski@pw.edu.pl', 'Profesor doktor habilitowany inzynier');
INSERT INTO DYPLOMWK.PRACOWNIK_UCZELNI VALUES (5,'PIOTR', 'SWINIARSKI', 'piotr.swiniarski@pw.edu.pl', 'Doktor habilitowany inzynier');
INSERT INTO DYPLOMWK.PRACOWNIK_UCZELNI VALUES (6,'EWA', 'KAPUSTA', 'ewa.kapusta@pw.edu.pl', 'Doktor  inzynier');
INSERT INTO DYPLOMWK.PRACOWNIK_UCZELNI VALUES (7,'ANNA', 'MARKIEWICZ', 'anna.markiewicz@pw.edu.pl', 'Profesor doktor habilitowany inzynier');
INSERT INTO DYPLOMWK.PRACOWNIK_UCZELNI VALUES (8,'WLODZIMIERZ', 'ZARADNY', 'wlodzimierz.zaradny@pw.edu.pl', 'Profesor doktor habilitowany inzynier');
INSERT INTO DYPLOMWK.PRACOWNIK_UCZELNI VALUES (9,'TOMASZ', 'KAPLAN', 'tomasz.kaplan@pw.edu.pl', 'Doktor habilitowany inzynier');
INSERT INTO DYPLOMWK.PRACOWNIK_UCZELNI VALUES (10,'EDWARD', 'MADRY', 'edward.madry@pw.edu.pl', 'Doktor  inzynier');
INSERT INTO DYPLOMWK.PRACOWNIK_UCZELNI VALUES (11,'ROBERT', 'MAZUR', 'robert.mazur@pw.edu.pl', 'Doktor  inzynier');
INSERT INTO DYPLOMWK.PRACOWNIK_UCZELNI VALUES (12,'ROBERT', 'ZAJAC', 'robert.zajac@pw.edu.pl', 'Doktor habilitowany inzynier');
INSERT INTO DYPLOMWK.PRACOWNIK_UCZELNI VALUES (13,'JUSTYNA', 'KRAWCZYK', 'justyna.krawczyk@pw.edu.pl', 'Doktor habilitowany inzynier');
INSERT INTO DYPLOMWK.PRACOWNIK_UCZELNI VALUES (14,'DOROTA', 'LEWANDOWSKA', 'dorota.lewandowska@pw.edu.pl', 'Profesor doktor habilitowany inzynier');
INSERT INTO DYPLOMWK.PRACOWNIK_UCZELNI VALUES (15,'ANNA', 'WOJCIECHOWSKA', 'anna.wojciechowska@pw.edu.pl', 'Profesor doktor habilitowany inzynier');
INSERT INTO DYPLOMWK.PRACOWNIK_UCZELNI VALUES (16,'PAULINA', 'WISNIEWSKA', 'paulina.wisniewska@pw.edu.pl', 'Doktor  inzynier');
INSERT INTO DYPLOMWK.PRACOWNIK_UCZELNI VALUES (17,'TOMASZ', 'WROBEL', 'tomasz.wrobel@pw.edu.pl', 'Doktor  inzynier');
INSERT INTO DYPLOMWK.PRACOWNIK_UCZELNI VALUES (18,'EDWARD', 'NOWAK', 'edward.nowak@pw.edu.pl', 'Doktor  inzynier');
INSERT INTO DYPLOMWK.PRACOWNIK_UCZELNI VALUES (19,'ADAM', 'PAJAK', 'adam.pajak@pw.edu.pl', 'Doktor  inzynier');
INSERT INTO DYPLOMWK.PRACOWNIK_UCZELNI VALUES (20,'WOJCIECH', 'ZIELINSKI', 'wojciech.zielinski@pw.edu.pl', 'Doktor habilitowany inzynier');


--SELECT * FROM DYPLOMWK.SLOWA_KLUCZOWE;
--DELETE FROM DYPLOMWK.SLOWA_KLUCZOWE;
INSERT INTO DYPLOMWK.SLOWA_KLUCZOWE VALUES (1,'JAVA');
INSERT INTO DYPLOMWK.SLOWA_KLUCZOWE VALUES (2,'Raspberry Pi');
INSERT INTO DYPLOMWK.SLOWA_KLUCZOWE VALUES (3,'Python');
INSERT INTO DYPLOMWK.SLOWA_KLUCZOWE VALUES (4,'C++');
INSERT INTO DYPLOMWK.SLOWA_KLUCZOWE VALUES (5,'Sieci Bezprzewodowe');
INSERT INTO DYPLOMWK.SLOWA_KLUCZOWE VALUES (6,'Sieci neuronowe');
INSERT INTO DYPLOMWK.SLOWA_KLUCZOWE VALUES (7,'Klasyfikacja zdjec');
INSERT INTO DYPLOMWK.SLOWA_KLUCZOWE VALUES (8,'Przetwarzenie Cyfrowe Obrazow');
INSERT INTO DYPLOMWK.SLOWA_KLUCZOWE VALUES (9,'Analiza danych');
INSERT INTO DYPLOMWK.SLOWA_KLUCZOWE VALUES (10,'Maszynowe uczenie');
INSERT INTO DYPLOMWK.SLOWA_KLUCZOWE VALUES (11,'Matematyka');
INSERT INTO DYPLOMWK.SLOWA_KLUCZOWE VALUES (12,'Dron');
INSERT INTO DYPLOMWK.SLOWA_KLUCZOWE VALUES (13,'Teoria obwodow');
INSERT INTO DYPLOMWK.SLOWA_KLUCZOWE VALUES (14,'Zarzadzanie');
INSERT INTO DYPLOMWK.SLOWA_KLUCZOWE VALUES (15,'Bazy Danych');
INSERT INTO DYPLOMWK.SLOWA_KLUCZOWE VALUES (16,'Metody zarzadzania');
INSERT INTO DYPLOMWK.SLOWA_KLUCZOWE VALUES (17,'Teoria pola');
INSERT INTO DYPLOMWK.SLOWA_KLUCZOWE VALUES (18,'Fizyka kwantowa');
INSERT INTO DYPLOMWK.SLOWA_KLUCZOWE VALUES (19,'Elektromagentyzm');
INSERT INTO DYPLOMWK.SLOWA_KLUCZOWE VALUES (20,'Modelowanie procesow');


--SELECT * FROM DYPLOMWK.KIERUNEK;
--DELETE FROM DYPLOMWK.KIERUNEK;
INSERT INTO DYPLOMWK.KIERUNEK VALUES (1,'ADMINISTRACJA');
INSERT INTO DYPLOMWK.KIERUNEK VALUES (2,'ARCHITEKTURA');
INSERT INTO DYPLOMWK.KIERUNEK VALUES (3,'AUTOMATYKA I ROBOTYKA');
INSERT INTO DYPLOMWK.KIERUNEK VALUES (4,'BIOTECHNOLOGIA');
INSERT INTO DYPLOMWK.KIERUNEK VALUES (5,'BUDOWNICTWO');
INSERT INTO DYPLOMWK.KIERUNEK VALUES (6,'EKONOMIA');
INSERT INTO DYPLOMWK.KIERUNEK VALUES (7,'ELEKTRONIKA');
INSERT INTO DYPLOMWK.KIERUNEK VALUES (8,'ENERGETYKA');
INSERT INTO DYPLOMWK.KIERUNEK VALUES (9,'FOTONIKA');
INSERT INTO DYPLOMWK.KIERUNEK VALUES (10,'GEOINFORMATYKA');
INSERT INTO DYPLOMWK.KIERUNEK VALUES (11,'INFORMATYKA');
INSERT INTO DYPLOMWK.KIERUNEK VALUES (12,'INZYNIERIA SRODOWISKA');
INSERT INTO DYPLOMWK.KIERUNEK VALUES (13,'INZYNIERIA ZARZADZANIA');
INSERT INTO DYPLOMWK.KIERUNEK VALUES (14,'LOTNICTWO I KOSMONAUTYKA');
INSERT INTO DYPLOMWK.KIERUNEK VALUES (15,'MATEMATYKA');
INSERT INTO DYPLOMWK.KIERUNEK VALUES (16,'MECHANIKA I BUDOWA MASZYN');
INSERT INTO DYPLOMWK.KIERUNEK VALUES (17,'TELEKOMUNIKACJA');
INSERT INTO DYPLOMWK.KIERUNEK VALUES (18,'TRANSPORT');
INSERT INTO DYPLOMWK.KIERUNEK VALUES (19,'ZARZADZANIE');
INSERT INTO DYPLOMWK.KIERUNEK VALUES (20,'ZARZADZENIE I INZYNIERIA PRODUKCJI');

--SELECT * FROM DYPLOMWK.PRACA_DYPLOMOWA;
--DELETE FROM DYPLOMWK.KIERUNEK;
INSERT INTO DYPLOMWK.PRACA_DYPLOMOWA VALUES (1,'BUDYNEK INTELIGENTNY Z WYKORZYSTANIEM PLATFORMY ARDUINO', 'THE SMART BUILDING USING THE ARDUINO PLATFORM','INZYNIERSKI' );
INSERT INTO DYPLOMWK.PRACA_DYPLOMOWA VALUES (2,'OPRACOWAC I ZAIMPLEMENTOWAC ONTOLOGIE DLA POTRZEB ANALIZY WYPADKÓW I INCYDENTOW W LOTNICTWIE', 'ESTABLISH AND IMPLEMENT AN ONTOLOGY FOR AIR TRAFFIC ACCIDENT AND INCIDENT ANALYSIS','INZYNIERSKI' );
INSERT INTO DYPLOMWK.PRACA_DYPLOMOWA VALUES (3,'JEZYK DZIEDZINOWY DLA POTRZEB MODELOWANIA I ANALIZY KOMUNIKACJI W ORGANIZMACH ZYWYCH', 'DOMAIN SPECIFIC LANGUAGE FOR MODELLING AND ANALYSIS OF COMMUNICATION IN LIFE OBJECTS','MAGISTERSKI' );
INSERT INTO DYPLOMWK.PRACA_DYPLOMOWA VALUES (4,'ANALIZA BEZPIECZENSTWA WYBRANEGO ASPEKTU SYSTEMU TRANSPORTOWEGO ZA POMOCA DRZEW ZDARZEN Z ROZMYTYMI PRAWDOPODOBIENSTWAMI', 'SAFETY ANALYSIS OF CHOSEN ASPECT OF TRANSPORT SYSTEM BY EVENT TREES WITH FUZZY PROBABILITIES','MAGISTERSKI' );
INSERT INTO DYPLOMWK.PRACA_DYPLOMOWA VALUES (5,'NOWE MECHANIZMY UCZENIA W MODELU FGCS', 'NEW LEARNING ALGORITHMS IN FGCS MODEL','MAGISTERSKI' );
INSERT INTO DYPLOMWK.PRACA_DYPLOMOWA VALUES (6,'WYSOKOWYDAJNE ALGORYTMY SKUPIEN W CHMURZE OBLICZENIOWEJ', 'HIGH PERFORMANCE COMPUTING IN A CLOUD ENVIRONMENT','MAGISTERSKI' );
INSERT INTO DYPLOMWK.PRACA_DYPLOMOWA VALUES (7,'PLANOWANIE ZADAN W ŚRODOWISKU SIECIOWYM', 'JOB SCHEDULING IN A DISTRIBUTED NETWORK OF COMPUTERS.','INZYNIERSKI' );
INSERT INTO DYPLOMWK.PRACA_DYPLOMOWA VALUES (8,'ZASTOSOWANIE MECHANIZOW STEROWANIA PRZEPŁYWEM DANYCH ORACLE W PROJEKTOWANIU ROZPROSZONYCH APLIKACJI BAZODANOWYCH.', 'THE USE OF FLOW CONTROL MECHANISMS IN THE DESIGN OF DISTRIBUTED ORACLE DATABASE APPLICATIONS. ','MAGISTERSKI' );
INSERT INTO DYPLOMWK.PRACA_DYPLOMOWA VALUES (9,'ZASTOSOWANIE MECHANIZMU REPLIKACJI POSTGRESQL W PROJEKTOWANIU ROZPROSZONYCH APLIKACJI BAZODANOWYCH.', 'THE USE OF POSTGRESQL REPLICATION MECHANISM IN THE DESIGN OF DISTRIBUTED DATABASE APPLICATIONS. ','MAGISTERSKI' );
INSERT INTO DYPLOMWK.PRACA_DYPLOMOWA VALUES (10,'MOBILNY ROBOTYCZNY SYSTEM TELEOBECNOSCI', 'MOBILE ROBOTIC TELEPRESENCE SYSTEM','INZYNIERSKI' );
INSERT INTO DYPLOMWK.PRACA_DYPLOMOWA VALUES (11,'MODELOWANIE I WIZUALIZACJA RUCHU RAKIETY MODELARSKIEJ', 'MODELING AND VISUALIZATION OF A MODEL-MAKING ROCKET.','MAGISTERSKI' );
INSERT INTO DYPLOMWK.PRACA_DYPLOMOWA VALUES (12,'REKONSTRUKCJA CHMURY PUNKTOW 3D NA PODSTAWIE ZDJEC Z KAMERY PRZENOSZONEJ NA DRONIE.', 'Point cloud reconstruction in 3D space using video camera mounted on drone','MAGISTERSKI' );
INSERT INTO DYPLOMWK.PRACA_DYPLOMOWA VALUES (13,'BEZKOLIZYJNA NAWIGACJA W POMIESZCZENIU ROBOTEM MOBILNYM WYPOSAZONYM W CZUJNIK KINECT', 'COLLISION-FREE INDOOR NAVIGATION OF A MOBILE ROBOT EQUIPPED WITH THE KINECT SENSOR','INZYNIERSKI' );
INSERT INTO DYPLOMWK.PRACA_DYPLOMOWA VALUES (14,'BUDOWA OSWIETLACZA DIODOWEGO DO ZASTOSOWAN MEDYCZNYCH', ' ILLUMINATION DIODE BUILDING FOR MEDICAL APPLICATION','INZYNIERSKI' );
INSERT INTO DYPLOMWK.PRACA_DYPLOMOWA VALUES (15,'WPŁYW UTRATY PAKIETOW DLA RÓŻNYCH TECHNIK KODOWANIA NA JAKOSC SYGNALU MOWY W TRANSMISJI VOIP – POMIARY OBIEKTYWNE', 'INFLUENCE OF PACKET LOSS FOR DIFFERENT CODING TECHNIQUES ON SPEECH QUALITY IN VOIP – OBJECTIVE MEASUREMENTS.','MAGISTERSKI' );
INSERT INTO DYPLOMWK.PRACA_DYPLOMOWA VALUES (16,'ANALIZA MODULOW GSM/GPS W SYSTEMACH TELEMETRYCZNYCH', 'ANALYSIS OF GSM/GPS MODULE IN TELEMETRY SYSTEMS','MAGISTERSKI' );
INSERT INTO DYPLOMWK.PRACA_DYPLOMOWA VALUES (17,'OPRACOWANIE I OCENA ALGORYTMU WYZNACZANIA MIGOTANIA SWIATŁA DO IMPLEMENTACJI NA PROCESORZE DSP Z RODZINY TMS320F28XXX', 'THE DEVELOPMENT AND EVALUATION OF POWER LINE FLICKERING ESTIMATION ALGORITHM FOR IMPLEMENTATION ON THE TMS 320F28XXX PLATFORM DSPS','INZYNIERSKI' );
INSERT INTO DYPLOMWK.PRACA_DYPLOMOWA VALUES (18,'ANALIZA POROWNAWCZA SYSTEMOW DVB-C I DVB-C2', 'COMPARATIVE ANALYSIS OF DVB-C AND DVB-C2 SYSTEMS','MAGISTERSKI' );
INSERT INTO DYPLOMWK.PRACA_DYPLOMOWA VALUES (19,'MIKROPROCESOROWY SYSTEM ANALIZY POŁOZENIA OSOB STARSZYCH', 'MICROPROCESSOR SYSTEM FOR ANALYSIS OF THE POSITION OF THE ELDERLY','INZYNIERSKI' );
INSERT INTO DYPLOMWK.PRACA_DYPLOMOWA VALUES (20,'CYFROWY POMIAR MAŁYCH IMPEDANCJI', 'DIGITAL MEASUREMENT OF SMALL IMPEDENCE','INZYNIERSKI' );


--SELECT * FROM DYPLOMWK.STUDENT;
--DELETE FROM DYPLOMWK.STUDENT;
INSERT INTO DYPLOMWK.STUDENT VALUES(1,'WOJCIECH','KOSZELA','295376','295376@PW.EDU.PL');
INSERT INTO DYPLOMWK.STUDENT VALUES(2,'PIOTR','JABLONSKA','219231','219231@PW.EDU.PL');
INSERT INTO DYPLOMWK.STUDENT VALUES(3,'DOROTA','WISNIEWSKA','139291','139291@PW.EDU.PL');
INSERT INTO DYPLOMWK.STUDENT VALUES(4,'PAULINA','MAZUR','261431','261431@PW.EDU.PL');
INSERT INTO DYPLOMWK.STUDENT VALUES(5,'ANNA','JABLONSKA','205216','205216@PW.EDU.PL');
INSERT INTO DYPLOMWK.STUDENT VALUES(6,'WLODZIMIERZ','ZARADNY','215326','215326@PW.EDU.PL');
INSERT INTO DYPLOMWK.STUDENT VALUES(7,'ADAM','MARKIEWICZ','223216','223216@PW.EDU.PL');
INSERT INTO DYPLOMWK.STUDENT VALUES(8,'DOROTA','KANAPKA','231226','231226@PW.EDU.PL');
INSERT INTO DYPLOMWK.STUDENT VALUES(9,'PIOTR','MAKA','222116','222116@PW.EDU.PL');
INSERT INTO DYPLOMWK.STUDENT VALUES(10,'PIOTR','WOJCIECHOWSKI','199123','199123@PW.EDU.PL');
INSERT INTO DYPLOMWK.STUDENT VALUES(11,'ADAM','LOCH','294362','294362@PW.EDU.PL');
INSERT INTO DYPLOMWK.STUDENT VALUES(12,'DOROTA','KUBICA','113123','113123@PW.EDU.PL');
INSERT INTO DYPLOMWK.STUDENT VALUES(13,'PAULINA','JANTAR','113322','113322@PW.EDU.PL');
INSERT INTO DYPLOMWK.STUDENT VALUES(14,'ADAM','KONOPNCIKI','199211','199211@PW.EDU.PL');
INSERT INTO DYPLOMWK.STUDENT VALUES(15,'PIOTR','LUDMIRSKI','210291','210291@PW.EDU.PL');
INSERT INTO DYPLOMWK.STUDENT VALUES(16,'ANNA','KRAWCZYK','205355','205355@PW.EDU.PL');
INSERT INTO DYPLOMWK.STUDENT VALUES(17,'DOROTA','ZAJAC','205344','205344@PW.EDU.PL');
INSERT INTO DYPLOMWK.STUDENT VALUES(18,'PIOTR','ZIELINSKI','201426','201426@PW.EDU.PL');
INSERT INTO DYPLOMWK.STUDENT VALUES(19,'DOROTA','PAJAK','205326','205326@PW.EDU.PL');
INSERT INTO DYPLOMWK.STUDENT VALUES(20,'PIOTR','KRAWCZYK','105326','105326@PW.EDU.PL');

--SELECT * FROM DYPLOMWK.SLOWA_KLUCZOWE;
--DELETE FROM DYPLOMWK.SLOWA_KLUCZOWE;
INSERT INTO DYPLOMWK.OCENA VALUES (1,'NIEDOSTATECZNY');
INSERT INTO DYPLOMWK.OCENA VALUES (2,'DOSTATECZNY');
INSERT INTO DYPLOMWK.OCENA VALUES (3,'DOSC DOBRY');
INSERT INTO DYPLOMWK.OCENA VALUES (4,'DOBRY');
INSERT INTO DYPLOMWK.OCENA VALUES (5,'PONAD DOBRY');
INSERT INTO DYPLOMWK.OCENA VALUES (6,'BARDZO DOBRY');
INSERT INTO DYPLOMWK.OCENA VALUES (7,'CELUJACY');



--SELECT * FROM DYPLOMWK.OBRONA;
--DELETE FROM DYPLOMWK.OBRONA;
INSERT INTO DYPLOMWK.OBRONA(ID, DATA_OBRONY,ID_PRACA_DYPLOMOWA_FK, ID_OCENA_KONCOWA_FK) VALUES(1,'2014-01-20', 4,6); 
INSERT INTO DYPLOMWK.OBRONA(ID, DATA_OBRONY,ID_PRACA_DYPLOMOWA_FK, ID_OCENA_KONCOWA_FK) VALUES(2,'2014-01-20', 2,6);
INSERT INTO DYPLOMWK.OBRONA(ID, DATA_OBRONY,ID_PRACA_DYPLOMOWA_FK, ID_OCENA_KONCOWA_FK) VALUES(3,'2017-02-06', 3,6); 
INSERT INTO DYPLOMWK.OBRONA(ID, DATA_OBRONY,ID_PRACA_DYPLOMOWA_FK, ID_OCENA_KONCOWA_FK) VALUES(4,'2017-02-06', 1,6); 
INSERT INTO DYPLOMWK.OBRONA(ID, DATA_OBRONY,ID_PRACA_DYPLOMOWA_FK, ID_OCENA_KONCOWA_FK) VALUES(5,'2017-02-06', 1,5); 
INSERT INTO DYPLOMWK.OBRONA(ID, DATA_OBRONY,ID_PRACA_DYPLOMOWA_FK, ID_OCENA_KONCOWA_FK) VALUES(6,'2013-03-20', 6,5); 
INSERT INTO DYPLOMWK.OBRONA(ID, DATA_OBRONY,ID_PRACA_DYPLOMOWA_FK, ID_OCENA_KONCOWA_FK) VALUES(7,'2012-01-20', 7,6); 
INSERT INTO DYPLOMWK.OBRONA(ID, DATA_OBRONY,ID_PRACA_DYPLOMOWA_FK, ID_OCENA_KONCOWA_FK) VALUES(8,'2011-06-20', 8,5); 
INSERT INTO DYPLOMWK.OBRONA(ID, DATA_OBRONY,ID_PRACA_DYPLOMOWA_FK, ID_OCENA_KONCOWA_FK) VALUES(9,'2013-06-20', 9,4); 
INSERT INTO DYPLOMWK.OBRONA(ID, DATA_OBRONY,ID_PRACA_DYPLOMOWA_FK, ID_OCENA_KONCOWA_FK) VALUES(10,'2012-07-20', 10,6); 
INSERT INTO DYPLOMWK.OBRONA(ID, DATA_OBRONY,ID_PRACA_DYPLOMOWA_FK, ID_OCENA_KONCOWA_FK) VALUES(11,'2011-06-01', 11,5); 
INSERT INTO DYPLOMWK.OBRONA(ID, DATA_OBRONY,ID_PRACA_DYPLOMOWA_FK, ID_OCENA_KONCOWA_FK) VALUES(12,'2018-06-30', 12,6); 
INSERT INTO DYPLOMWK.OBRONA(ID, DATA_OBRONY,ID_PRACA_DYPLOMOWA_FK, ID_OCENA_KONCOWA_FK) VALUES(13,'2018-06-02', 13,7); 
INSERT INTO DYPLOMWK.OBRONA(ID, DATA_OBRONY,ID_PRACA_DYPLOMOWA_FK, ID_OCENA_KONCOWA_FK) VALUES(14,'2018-06-21', 14,5); 
INSERT INTO DYPLOMWK.OBRONA(ID, DATA_OBRONY,ID_PRACA_DYPLOMOWA_FK, ID_OCENA_KONCOWA_FK) VALUES(15,'2012-05-01', 15,4); 
INSERT INTO DYPLOMWK.OBRONA(ID, DATA_OBRONY,ID_PRACA_DYPLOMOWA_FK, ID_OCENA_KONCOWA_FK) VALUES(16,'2018-01-23', 16,5); 
INSERT INTO DYPLOMWK.OBRONA(ID, DATA_OBRONY,ID_PRACA_DYPLOMOWA_FK, ID_OCENA_KONCOWA_FK) VALUES(17,'2011-02-21', 17,2); 
INSERT INTO DYPLOMWK.OBRONA(ID, DATA_OBRONY,ID_PRACA_DYPLOMOWA_FK, ID_OCENA_KONCOWA_FK) VALUES(18,'2008-03-12', 18,3); 
INSERT INTO DYPLOMWK.OBRONA(ID, DATA_OBRONY,ID_PRACA_DYPLOMOWA_FK, ID_OCENA_KONCOWA_FK) VALUES(19,'2017-01-15', 19,5); 
INSERT INTO DYPLOMWK.OBRONA(ID, DATA_OBRONY,ID_PRACA_DYPLOMOWA_FK, ID_OCENA_KONCOWA_FK) VALUES(20,'2016-02-21', 20,5); 



--SELECT * FROM DYPLOMWK.OBRONY_STUDENTA;
--DELETE FROM DYPLOMWK.OBRONY_STUDENTA;

INSERT INTO DYPLOMWK.OBRONY_STUDENTA(ID_STUDENT,ID_OBRONA) VALUES(1,10);
INSERT INTO DYPLOMWK.OBRONY_STUDENTA(ID_STUDENT,ID_OBRONA) VALUES(1,6);
INSERT INTO DYPLOMWK.OBRONY_STUDENTA(ID_STUDENT,ID_OBRONA) VALUES(3,3);
INSERT INTO DYPLOMWK.OBRONY_STUDENTA(ID_STUDENT,ID_OBRONA) VALUES(4,4);
INSERT INTO DYPLOMWK.OBRONY_STUDENTA(ID_STUDENT,ID_OBRONA) VALUES(5,5);
INSERT INTO DYPLOMWK.OBRONY_STUDENTA(ID_STUDENT,ID_OBRONA) VALUES(6,6);
INSERT INTO DYPLOMWK.OBRONY_STUDENTA(ID_STUDENT,ID_OBRONA) VALUES(7,7);
INSERT INTO DYPLOMWK.OBRONY_STUDENTA(ID_STUDENT,ID_OBRONA) VALUES(8,8);
INSERT INTO DYPLOMWK.OBRONY_STUDENTA(ID_STUDENT,ID_OBRONA) VALUES(9,9);
INSERT INTO DYPLOMWK.OBRONY_STUDENTA(ID_STUDENT,ID_OBRONA) VALUES(10,10);
INSERT INTO DYPLOMWK.OBRONY_STUDENTA(ID_STUDENT,ID_OBRONA) VALUES(11,12);
INSERT INTO DYPLOMWK.OBRONY_STUDENTA(ID_STUDENT,ID_OBRONA) VALUES(11,13);
INSERT INTO DYPLOMWK.OBRONY_STUDENTA(ID_STUDENT,ID_OBRONA) VALUES(12,13);
INSERT INTO DYPLOMWK.OBRONY_STUDENTA(ID_STUDENT,ID_OBRONA) VALUES(13,14);
INSERT INTO DYPLOMWK.OBRONY_STUDENTA(ID_STUDENT,ID_OBRONA) VALUES(15,16);
INSERT INTO DYPLOMWK.OBRONY_STUDENTA(ID_STUDENT,ID_OBRONA) VALUES(16,17);
INSERT INTO DYPLOMWK.OBRONY_STUDENTA(ID_STUDENT,ID_OBRONA) VALUES(17,18);
INSERT INTO DYPLOMWK.OBRONY_STUDENTA(ID_STUDENT,ID_OBRONA) VALUES(18,19);
INSERT INTO DYPLOMWK.OBRONY_STUDENTA(ID_STUDENT,ID_OBRONA) VALUES(19,20);
INSERT INTO DYPLOMWK.OBRONY_STUDENTA(ID_STUDENT,ID_OBRONA) VALUES(20,1);


--SELECT * FROM DYPLOMWK.OPIS_PRACY_DYPLOMOWEJ;
--DELETE FROM DYPLOMWK.OPIS_PRACY_DYPLOMOWEJ;
INSERT INTO DYPLOMWK.OPIS_PRACY_DYPLOMOWEJ(ID_PRACA_DYPLOMOWA, ID_SLOWA) VALUES(1,3);
INSERT INTO DYPLOMWK.OPIS_PRACY_DYPLOMOWEJ(ID_PRACA_DYPLOMOWA, ID_SLOWA) VALUES(1,4);
INSERT INTO DYPLOMWK.OPIS_PRACY_DYPLOMOWEJ(ID_PRACA_DYPLOMOWA, ID_SLOWA) VALUES(1,8);
INSERT INTO DYPLOMWK.OPIS_PRACY_DYPLOMOWEJ(ID_PRACA_DYPLOMOWA, ID_SLOWA) VALUES(2,12);
INSERT INTO DYPLOMWK.OPIS_PRACY_DYPLOMOWEJ(ID_PRACA_DYPLOMOWA, ID_SLOWA) VALUES(2,3);
INSERT INTO DYPLOMWK.OPIS_PRACY_DYPLOMOWEJ(ID_PRACA_DYPLOMOWA, ID_SLOWA) VALUES(2,2);
INSERT INTO DYPLOMWK.OPIS_PRACY_DYPLOMOWEJ(ID_PRACA_DYPLOMOWA, ID_SLOWA) VALUES(3,11);
INSERT INTO DYPLOMWK.OPIS_PRACY_DYPLOMOWEJ(ID_PRACA_DYPLOMOWA, ID_SLOWA) VALUES(4,11);
INSERT INTO DYPLOMWK.OPIS_PRACY_DYPLOMOWEJ(ID_PRACA_DYPLOMOWA, ID_SLOWA) VALUES(5,8);
INSERT INTO DYPLOMWK.OPIS_PRACY_DYPLOMOWEJ(ID_PRACA_DYPLOMOWA, ID_SLOWA) VALUES(6,11);
INSERT INTO DYPLOMWK.OPIS_PRACY_DYPLOMOWEJ(ID_PRACA_DYPLOMOWA, ID_SLOWA) VALUES(7,5);
INSERT INTO DYPLOMWK.OPIS_PRACY_DYPLOMOWEJ(ID_PRACA_DYPLOMOWA, ID_SLOWA) VALUES(8,15);
INSERT INTO DYPLOMWK.OPIS_PRACY_DYPLOMOWEJ(ID_PRACA_DYPLOMOWA, ID_SLOWA) VALUES(9,15);
INSERT INTO DYPLOMWK.OPIS_PRACY_DYPLOMOWEJ(ID_PRACA_DYPLOMOWA, ID_SLOWA) VALUES(10,2);
INSERT INTO DYPLOMWK.OPIS_PRACY_DYPLOMOWEJ(ID_PRACA_DYPLOMOWA, ID_SLOWA) VALUES(11,11);
INSERT INTO DYPLOMWK.OPIS_PRACY_DYPLOMOWEJ(ID_PRACA_DYPLOMOWA, ID_SLOWA) VALUES(12,12);
INSERT INTO DYPLOMWK.OPIS_PRACY_DYPLOMOWEJ(ID_PRACA_DYPLOMOWA, ID_SLOWA) VALUES(13,8);
INSERT INTO DYPLOMWK.OPIS_PRACY_DYPLOMOWEJ(ID_PRACA_DYPLOMOWA, ID_SLOWA) VALUES(14,9);
INSERT INTO DYPLOMWK.OPIS_PRACY_DYPLOMOWEJ(ID_PRACA_DYPLOMOWA, ID_SLOWA) VALUES(15,5);
INSERT INTO DYPLOMWK.OPIS_PRACY_DYPLOMOWEJ(ID_PRACA_DYPLOMOWA, ID_SLOWA) VALUES(16,2);
INSERT INTO DYPLOMWK.OPIS_PRACY_DYPLOMOWEJ(ID_PRACA_DYPLOMOWA, ID_SLOWA) VALUES(17,4);
INSERT INTO DYPLOMWK.OPIS_PRACY_DYPLOMOWEJ(ID_PRACA_DYPLOMOWA, ID_SLOWA) VALUES(18,5);
INSERT INTO DYPLOMWK.OPIS_PRACY_DYPLOMOWEJ(ID_PRACA_DYPLOMOWA, ID_SLOWA) VALUES(19,10);
INSERT INTO DYPLOMWK.OPIS_PRACY_DYPLOMOWEJ(ID_PRACA_DYPLOMOWA, ID_SLOWA) VALUES(20,19);




--SELECT * FROM DYPLOMWK.KIERUNKI_STUDENTA;
--DELETE FROM DYPLOMWK.KIERUNKI_STUDENTA;
INSERT INTO DYPLOMWK.KIERUNKI_STUDENTA(ID_STUDENT, ID_KIERUNEK) VALUES(1,11);
INSERT INTO DYPLOMWK.KIERUNKI_STUDENTA(ID_STUDENT, ID_KIERUNEK) VALUES(2,11);
INSERT INTO DYPLOMWK.KIERUNKI_STUDENTA(ID_STUDENT, ID_KIERUNEK) VALUES(3,11);
INSERT INTO DYPLOMWK.KIERUNKI_STUDENTA(ID_STUDENT, ID_KIERUNEK) VALUES(4,11);
INSERT INTO DYPLOMWK.KIERUNKI_STUDENTA(ID_STUDENT, ID_KIERUNEK) VALUES(5,11);
INSERT INTO DYPLOMWK.KIERUNKI_STUDENTA(ID_STUDENT, ID_KIERUNEK) VALUES(6,11);
INSERT INTO DYPLOMWK.KIERUNKI_STUDENTA(ID_STUDENT, ID_KIERUNEK) VALUES(7,11);
INSERT INTO DYPLOMWK.KIERUNKI_STUDENTA(ID_STUDENT, ID_KIERUNEK) VALUES(8,11);
INSERT INTO DYPLOMWK.KIERUNKI_STUDENTA(ID_STUDENT, ID_KIERUNEK) VALUES(9,11);
INSERT INTO DYPLOMWK.KIERUNKI_STUDENTA(ID_STUDENT, ID_KIERUNEK) VALUES(10,11);
INSERT INTO DYPLOMWK.KIERUNKI_STUDENTA(ID_STUDENT, ID_KIERUNEK) VALUES(11,1);
INSERT INTO DYPLOMWK.KIERUNKI_STUDENTA(ID_STUDENT, ID_KIERUNEK) VALUES(12,7);
INSERT INTO DYPLOMWK.KIERUNKI_STUDENTA(ID_STUDENT, ID_KIERUNEK) VALUES(13,7);
INSERT INTO DYPLOMWK.KIERUNKI_STUDENTA(ID_STUDENT, ID_KIERUNEK) VALUES(14,7);
INSERT INTO DYPLOMWK.KIERUNKI_STUDENTA(ID_STUDENT, ID_KIERUNEK) VALUES(15,11);
INSERT INTO DYPLOMWK.KIERUNKI_STUDENTA(ID_STUDENT, ID_KIERUNEK) VALUES(16,19);
INSERT INTO DYPLOMWK.KIERUNKI_STUDENTA(ID_STUDENT, ID_KIERUNEK) VALUES(17,19);
INSERT INTO DYPLOMWK.KIERUNKI_STUDENTA(ID_STUDENT, ID_KIERUNEK) VALUES(18,11);
INSERT INTO DYPLOMWK.KIERUNKI_STUDENTA(ID_STUDENT, ID_KIERUNEK) VALUES(19,11);
INSERT INTO DYPLOMWK.KIERUNKI_STUDENTA(ID_STUDENT, ID_KIERUNEK) VALUES(20,11);


SELECT * FROM DYPLOMWK.OPIEKUNOWIE_PRAC_DYPLOMOWYCH;
DELETE FROM DYPLOMWK.OPIEKUNOWIE_PRAC_DYPLOMOWYCH;
--Poniższe trzy rekordy wprowadzają do Bazy Danych 3 różne oceny Pracy Dyplomowej (1 - recenzent, 2- promotor, 3- recenzent)
INSERT INTO DYPLOMWK.OPIEKUNOWIE_PRAC_DYPLOMOWYCH(ID_PRACA_DYPLOMOWA,ID_PRACOWNIK_UCZELNI,CZY_PROMOTOR, ID_OCENA_FK) VALUES(1,1,0,5);
INSERT INTO DYPLOMWK.OPIEKUNOWIE_PRAC_DYPLOMOWYCH(ID_PRACA_DYPLOMOWA,ID_PRACOWNIK_UCZELNI,CZY_PROMOTOR, ID_OCENA_FK) VALUES(1,2,1,6);
INSERT INTO DYPLOMWK.OPIEKUNOWIE_PRAC_DYPLOMOWYCH(ID_PRACA_DYPLOMOWA,ID_PRACOWNIK_UCZELNI,CZY_PROMOTOR, ID_OCENA_FK) VALUES(1,3,0,6);
--- Dalsze rekordy opisują promotorów prac dyplomowych i oceny 
INSERT INTO DYPLOMWK.OPIEKUNOWIE_PRAC_DYPLOMOWYCH(ID_PRACA_DYPLOMOWA,ID_PRACOWNIK_UCZELNI,CZY_PROMOTOR, ID_OCENA_FK) VALUES(2,2,1,6);
INSERT INTO DYPLOMWK.OPIEKUNOWIE_PRAC_DYPLOMOWYCH(ID_PRACA_DYPLOMOWA,ID_PRACOWNIK_UCZELNI,CZY_PROMOTOR, ID_OCENA_FK) VALUES(3,11,1,6);
INSERT INTO DYPLOMWK.OPIEKUNOWIE_PRAC_DYPLOMOWYCH(ID_PRACA_DYPLOMOWA,ID_PRACOWNIK_UCZELNI,CZY_PROMOTOR, ID_OCENA_FK) VALUES(4,12,1,6);
INSERT INTO DYPLOMWK.OPIEKUNOWIE_PRAC_DYPLOMOWYCH(ID_PRACA_DYPLOMOWA,ID_PRACOWNIK_UCZELNI,CZY_PROMOTOR, ID_OCENA_FK) VALUES(5,6,1,5);
INSERT INTO DYPLOMWK.OPIEKUNOWIE_PRAC_DYPLOMOWYCH(ID_PRACA_DYPLOMOWA,ID_PRACOWNIK_UCZELNI,CZY_PROMOTOR, ID_OCENA_FK) VALUES(6,19,1,3);
INSERT INTO DYPLOMWK.OPIEKUNOWIE_PRAC_DYPLOMOWYCH(ID_PRACA_DYPLOMOWA,ID_PRACOWNIK_UCZELNI,CZY_PROMOTOR, ID_OCENA_FK) VALUES(7,18,1,4);
INSERT INTO DYPLOMWK.OPIEKUNOWIE_PRAC_DYPLOMOWYCH(ID_PRACA_DYPLOMOWA,ID_PRACOWNIK_UCZELNI,CZY_PROMOTOR, ID_OCENA_FK) VALUES(8,5,1,7);
INSERT INTO DYPLOMWK.OPIEKUNOWIE_PRAC_DYPLOMOWYCH(ID_PRACA_DYPLOMOWA,ID_PRACOWNIK_UCZELNI,CZY_PROMOTOR, ID_OCENA_FK) VALUES(9,10,1,6);
INSERT INTO DYPLOMWK.OPIEKUNOWIE_PRAC_DYPLOMOWYCH(ID_PRACA_DYPLOMOWA,ID_PRACOWNIK_UCZELNI,CZY_PROMOTOR, ID_OCENA_FK) VALUES(10,10,1,6);
INSERT INTO DYPLOMWK.OPIEKUNOWIE_PRAC_DYPLOMOWYCH(ID_PRACA_DYPLOMOWA,ID_PRACOWNIK_UCZELNI,CZY_PROMOTOR, ID_OCENA_FK) VALUES(11,10,1,7);
INSERT INTO DYPLOMWK.OPIEKUNOWIE_PRAC_DYPLOMOWYCH(ID_PRACA_DYPLOMOWA,ID_PRACOWNIK_UCZELNI,CZY_PROMOTOR, ID_OCENA_FK) VALUES(12,17,1,3);
INSERT INTO DYPLOMWK.OPIEKUNOWIE_PRAC_DYPLOMOWYCH(ID_PRACA_DYPLOMOWA,ID_PRACOWNIK_UCZELNI,CZY_PROMOTOR, ID_OCENA_FK) VALUES(13,16,1,2);
INSERT INTO DYPLOMWK.OPIEKUNOWIE_PRAC_DYPLOMOWYCH(ID_PRACA_DYPLOMOWA,ID_PRACOWNIK_UCZELNI,CZY_PROMOTOR, ID_OCENA_FK) VALUES(14,1,1,6);
INSERT INTO DYPLOMWK.OPIEKUNOWIE_PRAC_DYPLOMOWYCH(ID_PRACA_DYPLOMOWA,ID_PRACOWNIK_UCZELNI,CZY_PROMOTOR, ID_OCENA_FK) VALUES(15,11,1,3);
INSERT INTO DYPLOMWK.OPIEKUNOWIE_PRAC_DYPLOMOWYCH(ID_PRACA_DYPLOMOWA,ID_PRACOWNIK_UCZELNI,CZY_PROMOTOR, ID_OCENA_FK) VALUES(16,9,1,7);
INSERT INTO DYPLOMWK.OPIEKUNOWIE_PRAC_DYPLOMOWYCH(ID_PRACA_DYPLOMOWA,ID_PRACOWNIK_UCZELNI,CZY_PROMOTOR, ID_OCENA_FK) VALUES(17,20,1,5);
INSERT INTO DYPLOMWK.OPIEKUNOWIE_PRAC_DYPLOMOWYCH(ID_PRACA_DYPLOMOWA,ID_PRACOWNIK_UCZELNI,CZY_PROMOTOR, ID_OCENA_FK) VALUES(18,12,1,6);
INSERT INTO DYPLOMWK.OPIEKUNOWIE_PRAC_DYPLOMOWYCH(ID_PRACA_DYPLOMOWA,ID_PRACOWNIK_UCZELNI,CZY_PROMOTOR, ID_OCENA_FK) VALUES(19,11,1,4);
INSERT INTO DYPLOMWK.OPIEKUNOWIE_PRAC_DYPLOMOWYCH(ID_PRACA_DYPLOMOWA,ID_PRACOWNIK_UCZELNI,CZY_PROMOTOR, ID_OCENA_FK) VALUES(20,10,1,6);








SELECT * FROM DYPLOMWK.SLOWA_KLUCZOWE;
SELECT * FROM DYPLOMWK.KIERUNEK;
SELECT * FROM DYPLOMWK.STUDENT;
SELECT * FROM DYPLOMWK.OBRONY_STUDENTA;
SELECT * FROM DYPLOMWK.KIERUNKI_STUDENTA;
SELECT * FROM DYPLOMWK.OBRONA;
SELECT * FROM DYPLOMWK.PRACOWNIK_UCZELNI;
SELECT * FROM DYPLOMWK.OCENA;
SELECT * FROM DYPLOMWK.OPIEKUNOWIE_PRAC_DYPLOMOWYCH;
SELECT * FROM DYPLOMWK.PRACA_DYPLOMOWA;
SELECT * FROM DYPLOMWK.OPIS_PRACY_DYPLOMOWEJ;


--SELECT TEMAT_PL FROM DYPLOMWK.PRACA_DYPLOMOWA 
--WHERE (SELECT * FROM DYPLOMWK.OPIS_PRACY_DYPLOMOWEJ WHERE  DYPLOMWK.OPIS_PRACY_DYPLOMOWEJ.ID_SLOWA = DYPLOMWK.SLOWA_KLUCZOWE.ID);


-- wyszukiwanie prac związanych z daną tematyką
SELECT * FROM DYPLOMWK.PRACA_DYPLOMOWA 
INNER JOIN DYPLOMWK.OPIS_PRACY_DYPLOMOWEJ on
DYPLOMWK.OPIS_PRACY_DYPLOMOWEJ.ID_PRACA_DYPLOMOWA = DYPLOMWK.PRACA_DYPLOMOWA.ID

INNER JOIN DYPLOMWK.SLOWA_KLUCZOWE
on DYPLOMWK.SLOWA_KLUCZOWE.ID = DYPLOMWK.OPIS_PRACY_DYPLOMOWEJ.ID_SLOWA
WHERE SLOWO_KLUCZOWE = 'PYTHON'



-- odnalezienie prac prowadzonych przez określonego promotora
SELECT * FROM DYPLOMWK.PRACA_DYPLOMOWA 

INNER JOIN DYPLOMWK.OPIEKUNOWIE_PRAC_DYPLOMOWYCH
on DYPLOMWK.OPIEKUNOWIE_PRAC_DYPLOMOWYCH.ID_PRACA_DYPLOMOWA = DYPLOMWK.PRACA_DYPLOMOWA.ID

INNER JOIN DYPLOMWK.PRACOWNIK_UCZELNI
on DYPLOMWK.PRACOWNIK_UCZELNI.ID = DYPLOMWK.OPIEKUNOWIE_PRAC_DYPLOMOWYCH.ID_PRACOWNIK_UCZELNI

WHERE DYPLOMWK.OPIEKUNOWIE_PRAC_DYPLOMOWYCH.CZY_PROMOTOR=1
AND DYPLOMWK.PRACOWNIK_UCZELNI.IMIE='ROBERT'
AND DYPLOMWK.PRACOWNIK_UCZELNI.NAZWISKO='MAZUR';



-- wyświetlenie informacji o pracy danego studenta

SELECT *
--SELECT TEMAT_PL, TEMAT_ENG, TYP_PRACY, SLOWO_KLUCZOWE, DATA_OBRONY,OCENA, DYPLOMWK.PRACOWNIK_UCZELNI.IMIE as IMIE_PROMOTORA, DYPLOMWK.PRACOWNIK_UCZELNI.NAZWISKO as NAZWISKO_PROMOTORA
FROM DYPLOMWK.PRACA_DYPLOMOWA
INNER JOIN DYPLOMWK.OPIEKUNOWIE_PRAC_DYPLOMOWYCH
on DYPLOMWK.OPIEKUNOWIE_PRAC_DYPLOMOWYCH.ID_PRACA_DYPLOMOWA = DYPLOMWK.PRACA_DYPLOMOWA.ID

INNER JOIN DYPLOMWK.OPIS_PRACY_DYPLOMOWEJ
on DYPLOMWK.OPIS_PRACY_DYPLOMOWEJ.ID_PRACA_DYPLOMOWA = DYPLOMWK.PRACA_DYPLOMOWA.ID

INNER JOIN DYPLOMWK.SLOWA_KLUCZOWE
on DYPLOMWK.SLOWA_KLUCZOWE.ID = DYPLOMWK.OPIS_PRACY_DYPLOMOWEJ.ID_SLOWA

INNER JOIN DYPLOMWK.OBRONA
on DYPLOMWK.OBRONA.ID_PRACA_DYPLOMOWA_FK = DYPLOMWK.PRACA_DYPLOMOWA.ID

INNER JOIN DYPLOMWK.OCENA
on DYPLOMWK.OCENA.ID = DYPLOMWK.OBRONA.ID_OCENA_KONCOWA_FK

INNER JOIN DYPLOMWK.OBRONY_STUDENTA
on DYPLOMWK.OBRONY_STUDENTA.ID_OBRONA = DYPLOMWK.OBRONA.ID

INNER JOIN DYPLOMWK.PRACOWNIK_UCZELNI
on DYPLOMWK.PRACOWNIK_UCZELNI.ID = DYPLOMWK.OPIEKUNOWIE_PRAC_DYPLOMOWYCH.ID_PRACOWNIK_UCZELNI

INNER JOIN DYPLOMWK.STUDENT
on DYPLOMWK.STUDENT.ID = DYPLOMWK.OBRONY_STUDENTA.ID_STUDENT

WHERE DYPLOMWK.STUDENT.IMIE = 'WOJCIECH'
AND DYPLOMWK.STUDENT.NAZWISKO = 'KOSZELA'
AND DYPLOMWK.OPIEKUNOWIE_PRAC_DYPLOMOWYCH.CZY_PROMOTOR =1;


--wyświetlenie raportu o pracach obronionych na podanym kierunku studiów lub w podanym roku.
SELECT *
FROM DYPLOMWK.PRACA_DYPLOMOWA

INNER JOIN DYPLOMWK.OPIEKUNOWIE_PRAC_DYPLOMOWYCH
on DYPLOMWK.OPIEKUNOWIE_PRAC_DYPLOMOWYCH.ID_PRACA_DYPLOMOWA = DYPLOMWK.PRACA_DYPLOMOWA.ID

INNER JOIN DYPLOMWK.OPIS_PRACY_DYPLOMOWEJ
on DYPLOMWK.OPIS_PRACY_DYPLOMOWEJ.ID_PRACA_DYPLOMOWA = DYPLOMWK.PRACA_DYPLOMOWA.ID

INNER JOIN DYPLOMWK.SLOWA_KLUCZOWE
on DYPLOMWK.SLOWA_KLUCZOWE.ID = DYPLOMWK.OPIS_PRACY_DYPLOMOWEJ.ID_SLOWA

INNER JOIN DYPLOMWK.OBRONA
on DYPLOMWK.OBRONA.ID_PRACA_DYPLOMOWA_FK = DYPLOMWK.PRACA_DYPLOMOWA.ID

INNER JOIN DYPLOMWK.OCENA
on DYPLOMWK.OCENA.ID = DYPLOMWK.OBRONA.ID_OCENA_KONCOWA_FK

INNER JOIN DYPLOMWK.OBRONY_STUDENTA
on DYPLOMWK.OBRONY_STUDENTA.ID_OBRONA = DYPLOMWK.OBRONA.ID

INNER JOIN DYPLOMWK.PRACOWNIK_UCZELNI
on DYPLOMWK.PRACOWNIK_UCZELNI.ID = DYPLOMWK.OPIEKUNOWIE_PRAC_DYPLOMOWYCH.ID_PRACOWNIK_UCZELNI

INNER JOIN DYPLOMWK.STUDENT
on DYPLOMWK.STUDENT.ID = DYPLOMWK.OBRONY_STUDENTA.ID_STUDENT

INNER JOIN DYPLOMWK.KIERUNKI_STUDENTA
on DYPLOMWK.KIERUNKI_STUDENTA.ID_STUDENT = DYPLOMWK.STUDENT.ID

INNER JOIN DYPLOMWK.KIERUNEK
on DYPLOMWK.KIERUNEK.ID = DYPLOMWK.KIERUNKI_STUDENTA.ID_KIERUNEK

WHERE KIERUNEK = 'INFORMATYKA'

AND DYPLOMWK.OPIEKUNOWIE_PRAC_DYPLOMOWYCH.CZY_PROMOTOR =1
AND OCENA !='NIEDOSTATECZNA'
AND(DYPLOMWK.OBRONA.DATA_OBRONY BETWEEN ('2011-01-01') AND ('2012-01-01')); 



SELECT *
FROM DYPLOMWK.OBRONA
WHERE DYPLOMWK.OBRONA.DATA_OBRONY BETWEEN ('2011-01-01') AND ('2012-01-01'); 