SET ansi_warnings OFF


-- -- -- PRACOWNIK_UCZELNI
INSERT INTO PRACOWNIK_UCZELNI(IMIE, NAZWISKO, EMAIL, STOPIEN)  VALUES ('WOJCIECH', 'KOWALSKI', 'wojciech.kowalski@pw.edu.pl', 'Doktor inzynier');
INSERT INTO PRACOWNIK_UCZELNI(IMIE, NAZWISKO, EMAIL, STOPIEN)  VALUES ('PIOTR', 'ZARZYCKI', 'piotr.zarzycki@pw.edu.pl', 'Doktor inzynier');
INSERT INTO PRACOWNIK_UCZELNI(IMIE, NAZWISKO, EMAIL, STOPIEN)  VALUES ('PAWEŁ', 'JANKOWSKI', 'pawel.jankowski@pw.edu.pl', 'Doktor habilitowany inzynier');
INSERT INTO PRACOWNIK_UCZELNI(IMIE, NAZWISKO, EMAIL, STOPIEN)  VALUES ('BARTOSZ', 'ADAMSKI', 'bartosz.adamski@pw.edu.pl', 'Profesor doktor habilitowany inzynier');
INSERT INTO PRACOWNIK_UCZELNI(IMIE, NAZWISKO, EMAIL, STOPIEN)  VALUES ('PIOTR', 'SWINIARSKI', 'piotr.swiniarski@pw.edu.pl', 'Doktor habilitowany inzynier');
INSERT INTO PRACOWNIK_UCZELNI(IMIE, NAZWISKO, EMAIL, STOPIEN)  VALUES ('EWA', 'KAPUSTA', 'ewa.kapusta@pw.edu.pl', 'Doktor  inzynier');
INSERT INTO PRACOWNIK_UCZELNI(IMIE, NAZWISKO, EMAIL, STOPIEN)  VALUES ('ANNA', 'MARKIEWICZ', 'anna.markiewicz@pw.edu.pl', 'Profesor doktor habilitowany inzynier');
INSERT INTO PRACOWNIK_UCZELNI(IMIE, NAZWISKO, EMAIL, STOPIEN)  VALUES ('WLODZIMIERZ', 'ZARADNY', 'wlodzimierz.zaradny@pw.edu.pl', 'Profesor doktor habilitowany inzynier');
INSERT INTO PRACOWNIK_UCZELNI(IMIE, NAZWISKO, EMAIL, STOPIEN)  VALUES ('TOMASZ', 'KAPLAN', 'tomasz.kaplan@pw.edu.pl', 'Doktor habilitowany inzynier');
INSERT INTO PRACOWNIK_UCZELNI(IMIE, NAZWISKO, EMAIL, STOPIEN)  VALUES ('EDWARD', 'MADRY', 'edward.madry@pw.edu.pl', 'Doktor  inzynier');
INSERT INTO PRACOWNIK_UCZELNI(IMIE, NAZWISKO, EMAIL, STOPIEN)  VALUES ('ROBERT', 'MAZUR', 'robert.mazur@pw.edu.pl', 'Doktor  inzynier');
INSERT INTO PRACOWNIK_UCZELNI(IMIE, NAZWISKO, EMAIL, STOPIEN)  VALUES ('ROBERT', 'ZAJAC', 'robert.zajac@pw.edu.pl', 'Doktor habilitowany inzynier');
INSERT INTO PRACOWNIK_UCZELNI(IMIE, NAZWISKO, EMAIL, STOPIEN)  VALUES ('JUSTYNA', 'KRAWCZYK', 'justyna.krawczyk@pw.edu.pl', 'Doktor habilitowany inzynier');
INSERT INTO PRACOWNIK_UCZELNI(IMIE, NAZWISKO, EMAIL, STOPIEN)  VALUES ('DOROTA', 'LEWANDOWSKA', 'dorota.lewandowska@pw.edu.pl', 'Profesor doktor habilitowany inzynier');
INSERT INTO PRACOWNIK_UCZELNI(IMIE, NAZWISKO, EMAIL, STOPIEN)  VALUES ('ANNA', 'WOJCIECHOWSKA', 'anna.wojciechowska@pw.edu.pl', 'Profesor doktor habilitowany inzynier');
INSERT INTO PRACOWNIK_UCZELNI(IMIE, NAZWISKO, EMAIL, STOPIEN)  VALUES ('PAULINA', 'WISNIEWSKA', 'paulina.wisniewska@pw.edu.pl', 'Doktor  inzynier');
INSERT INTO PRACOWNIK_UCZELNI(IMIE, NAZWISKO, EMAIL, STOPIEN)  VALUES ('TOMASZ', 'WROBEL', 'tomasz.wrobel@pw.edu.pl', 'Doktor  inzynier');
INSERT INTO PRACOWNIK_UCZELNI(IMIE, NAZWISKO, EMAIL, STOPIEN)  VALUES ('EDWARD', 'NOWAK', 'edward.nowak@pw.edu.pl', 'Doktor  inzynier');
INSERT INTO PRACOWNIK_UCZELNI(IMIE, NAZWISKO, EMAIL, STOPIEN)  VALUES ('ADAM', 'PAJAK', 'adam.pajak@pw.edu.pl', 'Doktor  inzynier');
INSERT INTO PRACOWNIK_UCZELNI(IMIE, NAZWISKO, EMAIL, STOPIEN)  VALUES ('WOJCIECH', 'ZIELINSKI', 'wojciech.zielinski@pw.edu.pl', 'Doktor habilitowany inzynier');
--
--
-- -- -- PRACA_DYPLOMOWA
--
INSERT INTO PRACA_DYPLOMOWA(TEMAT_PL, TEMAT_ENG, TYP_PRACY) VALUES ('BUDYNEK INTELIGENTNY Z WYKORZYSTANIEM PLATFORMY ARDUINO', 'THE SMART BUILDING USING THE ARDUINO PLATFORM','INZYNIERSKI' );
INSERT INTO PRACA_DYPLOMOWA(TEMAT_PL, TEMAT_ENG, TYP_PRACY) VALUES ('OPRACOWAC I ZAIMPLEMENTOWAC ONTOLOGIE DLA POTRZEB ANALIZY WYPADKÓW I INCYDENTOW W LOTNICTWIE', 'ESTABLISH AND IMPLEMENT AN ONTOLOGY FOR AIR TRAFFIC ACCIDENT AND INCIDENT ANALYSIS','INZYNIERSKI' );
INSERT INTO PRACA_DYPLOMOWA(TEMAT_PL, TEMAT_ENG, TYP_PRACY) VALUES ('JEZYK DZIEDZINOWY DLA POTRZEB MODELOWANIA I ANALIZY KOMUNIKACJI W ORGANIZMACH ZYWYCH', 'DOMAIN SPECIFIC LANGUAGE FOR MODELLING AND ANALYSIS OF COMMUNICATION IN LIFE OBJECTS','MAGISTERSKI' );
INSERT INTO PRACA_DYPLOMOWA(TEMAT_PL, TEMAT_ENG, TYP_PRACY) VALUES ('ANALIZA BEZPIECZENSTWA WYBRANEGO ASPEKTU SYSTEMU TRANSPORTOWEGO ZA POMOCA DRZEW ZDARZEN Z ROZMYTYMI PRAWDOPODOBIENSTWAMI', 'SAFETY ANALYSIS OF CHOSEN ASPECT OF TRANSPORT SYSTEM BY EVENT TREES WITH FUZZY PROBABILITIES','MAGISTERSKI' );
INSERT INTO PRACA_DYPLOMOWA(TEMAT_PL, TEMAT_ENG, TYP_PRACY) VALUES ('NOWE MECHANIZMY UCZENIA W MODELU FGCS', 'NEW LEARNING ALGORITHMS IN FGCS MODEL','MAGISTERSKI' );
INSERT INTO PRACA_DYPLOMOWA(TEMAT_PL, TEMAT_ENG, TYP_PRACY) VALUES ('WYSOKOWYDAJNE ALGORYTMY SKUPIEN W CHMURZE OBLICZENIOWEJ', 'HIGH PERFORMANCE COMPUTING IN A CLOUD ENVIRONMENT','MAGISTERSKI' );
INSERT INTO PRACA_DYPLOMOWA(TEMAT_PL, TEMAT_ENG, TYP_PRACY) VALUES ('PLANOWANIE ZADAN W ŚRODOWISKU SIECIOWYM', 'JOB SCHEDULING IN A DISTRIBUTED NETWORK OF COMPUTERS.','INZYNIERSKI' );
INSERT INTO PRACA_DYPLOMOWA(TEMAT_PL, TEMAT_ENG, TYP_PRACY) VALUES ('ZASTOSOWANIE MECHANIZOW STEROWANIA PRZEPŁYWEM DANYCH ORACLE W PROJEKTOWANIU ROZPROSZONYCH APLIKACJI BAZODANOWYCH.', 'THE USE OF FLOW CONTROL MECHANISMS IN THE DESIGN OF DISTRIBUTED ORACLE DATABASE APPLICATIONS. ','MAGISTERSKI' );
INSERT INTO PRACA_DYPLOMOWA(TEMAT_PL, TEMAT_ENG, TYP_PRACY) VALUES ('ZASTOSOWANIE MECHANIZMU REPLIKACJI POSTGRESQL W PROJEKTOWANIU ROZPROSZONYCH APLIKACJI BAZODANOWYCH.', 'THE USE OF POSTGRESQL REPLICATION MECHANISM IN THE DESIGN OF DISTRIBUTED DATABASE APPLICATIONS. ','MAGISTERSKI' );
INSERT INTO PRACA_DYPLOMOWA(TEMAT_PL, TEMAT_ENG, TYP_PRACY) VALUES ('MOBILNY ROBOTYCZNY SYSTEM TELEOBECNOSCI', 'MOBILE ROBOTIC TELEPRESENCE SYSTEM','INZYNIERSKI' );
INSERT INTO PRACA_DYPLOMOWA(TEMAT_PL, TEMAT_ENG, TYP_PRACY) VALUES ('MODELOWANIE I WIZUALIZACJA RUCHU RAKIETY MODELARSKIEJ', 'MODELING AND VISUALIZATION OF A MODEL-MAKING ROCKET.','MAGISTERSKI' );
INSERT INTO PRACA_DYPLOMOWA(TEMAT_PL, TEMAT_ENG, TYP_PRACY) VALUES ('REKONSTRUKCJA CHMURY PUNKTOW 3D NA PODSTAWIE ZDJEC Z KAMERY PRZENOSZONEJ NA DRONIE.', 'Point cloud reconstruction in 3D space using video camera mounted on drone','MAGISTERSKI' );
INSERT INTO PRACA_DYPLOMOWA(TEMAT_PL, TEMAT_ENG, TYP_PRACY) VALUES ('BEZKOLIZYJNA NAWIGACJA W POMIESZCZENIU ROBOTEM MOBILNYM WYPOSAZONYM W CZUJNIK KINECT', 'COLLISION-FREE INDOOR NAVIGATION OF A MOBILE ROBOT EQUIPPED WITH THE KINECT SENSOR','INZYNIERSKI' );
INSERT INTO PRACA_DYPLOMOWA(TEMAT_PL, TEMAT_ENG, TYP_PRACY) VALUES ('BUDOWA OSWIETLACZA DIODOWEGO DO ZASTOSOWAN MEDYCZNYCH', ' ILLUMINATION DIODE BUILDING FOR MEDICAL APPLICATION','INZYNIERSKI' );
INSERT INTO PRACA_DYPLOMOWA(TEMAT_PL, TEMAT_ENG, TYP_PRACY) VALUES ('WPŁYW UTRATY PAKIETOW DLA RÓŻNYCH TECHNIK KODOWANIA NA JAKOSC SYGNALU MOWY W TRANSMISJI VOIP – POMIARY OBIEKTYWNE', 'INFLUENCE OF PACKET LOSS FOR DIFFERENT CODING TECHNIQUES ON SPEECH QUALITY IN VOIP – OBJECTIVE MEASUREMENTS.','MAGISTERSKI' );
INSERT INTO PRACA_DYPLOMOWA(TEMAT_PL, TEMAT_ENG, TYP_PRACY) VALUES ('ANALIZA MODULOW GSM/GPS W SYSTEMACH TELEMETRYCZNYCH', 'ANALYSIS OF GSM/GPS MODULE IN TELEMETRY SYSTEMS','MAGISTERSKI' );
INSERT INTO PRACA_DYPLOMOWA(TEMAT_PL, TEMAT_ENG, TYP_PRACY) VALUES ('OPRACOWANIE I OCENA ALGORYTMU WYZNACZANIA MIGOTANIA SWIATŁA DO IMPLEMENTACJI NA PROCESORZE DSP Z RODZINY TMS320F28XXX', 'THE DEVELOPMENT AND EVALUATION OF POWER LINE FLICKERING ESTIMATION ALGORITHM FOR IMPLEMENTATION ON THE TMS 320F28XXX PLATFORM DSPS','INZYNIERSKI' );
INSERT INTO PRACA_DYPLOMOWA(TEMAT_PL, TEMAT_ENG, TYP_PRACY) VALUES ('ANALIZA POROWNAWCZA SYSTEMOW DVB-C I DVB-C2', 'COMPARATIVE ANALYSIS OF DVB-C AND DVB-C2 SYSTEMS','MAGISTERSKI' );
INSERT INTO PRACA_DYPLOMOWA(TEMAT_PL, TEMAT_ENG, TYP_PRACY) VALUES ('MIKROPROCESOROWY SYSTEM ANALIZY POŁOZENIA OSOB STARSZYCH', 'MICROPROCESSOR SYSTEM FOR ANALYSIS OF THE POSITION OF THE ELDERLY','INZYNIERSKI' );
INSERT INTO PRACA_DYPLOMOWA(TEMAT_PL, TEMAT_ENG, TYP_PRACY) VALUES ('CYFROWY POMIAR MAŁYCH IMPEDANCJI', 'DIGITAL MEASUREMENT OF SMALL IMPEDENCE','INZYNIERSKI' );
--
--
--
--
-- -- -- OCENA
INSERT INTO OCENA(OCENA) VALUES ('NIEDOSTATECZNY');
INSERT INTO OCENA(OCENA) VALUES ('DOSTATECZNY');
INSERT INTO OCENA(OCENA) VALUES ('DOSC DOBRY');
INSERT INTO OCENA(OCENA) VALUES ('DOBRY');
INSERT INTO OCENA(OCENA) VALUES ('PONAD DOBRY');
INSERT INTO OCENA(OCENA) VALUES ('BARDZO DOBRY');
INSERT INTO OCENA(OCENA) VALUES ('CELUJACY');
--
-- -- OBRONA
INSERT INTO OBRONA(DATA_OBRONY,ID_PRACA_DYPLOMOWA_FK, ID_OCENA_KONCOWA_FK) VALUES ('2014-01-20', 4,6);
INSERT INTO OBRONA(DATA_OBRONY,ID_PRACA_DYPLOMOWA_FK, ID_OCENA_KONCOWA_FK) VALUES ('2014-01-20', 2,6);
INSERT INTO OBRONA(DATA_OBRONY,ID_PRACA_DYPLOMOWA_FK, ID_OCENA_KONCOWA_FK) VALUES ('2017-02-06', 3,6);
INSERT INTO OBRONA(DATA_OBRONY,ID_PRACA_DYPLOMOWA_FK, ID_OCENA_KONCOWA_FK) VALUES ('2017-02-06', 1,6);
INSERT INTO OBRONA(DATA_OBRONY,ID_PRACA_DYPLOMOWA_FK, ID_OCENA_KONCOWA_FK) VALUES ('2017-02-06', 1,5);
INSERT INTO OBRONA(DATA_OBRONY,ID_PRACA_DYPLOMOWA_FK, ID_OCENA_KONCOWA_FK) VALUES ('2013-03-20', 6,5);
INSERT INTO OBRONA(DATA_OBRONY,ID_PRACA_DYPLOMOWA_FK, ID_OCENA_KONCOWA_FK) VALUES ('2012-01-20', 7,6);
INSERT INTO OBRONA(DATA_OBRONY,ID_PRACA_DYPLOMOWA_FK, ID_OCENA_KONCOWA_FK) VALUES ('2011-06-20', 8,5);
INSERT INTO OBRONA(DATA_OBRONY,ID_PRACA_DYPLOMOWA_FK, ID_OCENA_KONCOWA_FK) VALUES ('2013-06-20', 9,4);
INSERT INTO OBRONA(DATA_OBRONY,ID_PRACA_DYPLOMOWA_FK, ID_OCENA_KONCOWA_FK) VALUES ('2012-07-20', 10,6);
INSERT INTO OBRONA(DATA_OBRONY,ID_PRACA_DYPLOMOWA_FK, ID_OCENA_KONCOWA_FK) VALUES ('2011-06-01', 11,5);
INSERT INTO OBRONA(DATA_OBRONY,ID_PRACA_DYPLOMOWA_FK, ID_OCENA_KONCOWA_FK) VALUES ('2018-06-30', 12,6);
INSERT INTO OBRONA(DATA_OBRONY,ID_PRACA_DYPLOMOWA_FK, ID_OCENA_KONCOWA_FK) VALUES ('2018-06-02', 13,7);
INSERT INTO OBRONA(DATA_OBRONY,ID_PRACA_DYPLOMOWA_FK, ID_OCENA_KONCOWA_FK) VALUES ('2018-06-21', 14,5);
INSERT INTO OBRONA(DATA_OBRONY,ID_PRACA_DYPLOMOWA_FK, ID_OCENA_KONCOWA_FK) VALUES ('2012-05-01', 15,4);
INSERT INTO OBRONA(DATA_OBRONY,ID_PRACA_DYPLOMOWA_FK, ID_OCENA_KONCOWA_FK) VALUES ('2018-01-23', 16,5);
INSERT INTO OBRONA(DATA_OBRONY,ID_PRACA_DYPLOMOWA_FK, ID_OCENA_KONCOWA_FK) VALUES ('2011-02-21', 17,2);
INSERT INTO OBRONA(DATA_OBRONY,ID_PRACA_DYPLOMOWA_FK, ID_OCENA_KONCOWA_FK) VALUES ('2008-03-12', 18,3);
INSERT INTO OBRONA(DATA_OBRONY,ID_PRACA_DYPLOMOWA_FK, ID_OCENA_KONCOWA_FK) VALUES ('2017-01-15', 19,5);
INSERT INTO OBRONA(DATA_OBRONY,ID_PRACA_DYPLOMOWA_FK, ID_OCENA_KONCOWA_FK) VALUES ('2016-02-21', 20,5);
--
-- -- -- KIERUNEK
INSERT INTO KIERUNEK(KIERUNEK) VALUES ('ADMINISTRACJA');
INSERT INTO KIERUNEK(KIERUNEK) VALUES ('ARCHITEKTURA');
INSERT INTO KIERUNEK(KIERUNEK) VALUES ('AUTOMATYKA I ROBOTYKA');
INSERT INTO KIERUNEK(KIERUNEK) VALUES ('BIOTECHNOLOGIA');
INSERT INTO KIERUNEK(KIERUNEK) VALUES ('BUDOWNICTWO');
INSERT INTO KIERUNEK(KIERUNEK) VALUES ('EKONOMIA');
INSERT INTO KIERUNEK(KIERUNEK) VALUES ('ELEKTRONIKA');
INSERT INTO KIERUNEK(KIERUNEK) VALUES ('ENERGETYKA');
INSERT INTO KIERUNEK(KIERUNEK) VALUES ('FOTONIKA');
INSERT INTO KIERUNEK(KIERUNEK) VALUES ('GEOINFORMATYKA');
INSERT INTO KIERUNEK(KIERUNEK) VALUES ('INFORMATYKA');
INSERT INTO KIERUNEK(KIERUNEK) VALUES ('INZYNIERIA SRODOWISKA');
INSERT INTO KIERUNEK(KIERUNEK) VALUES ('INZYNIERIA ZARZADZANIA');
INSERT INTO KIERUNEK(KIERUNEK) VALUES ('LOTNICTWO I KOSMONAUTYKA');
INSERT INTO KIERUNEK(KIERUNEK) VALUES ('MATEMATYKA');
INSERT INTO KIERUNEK(KIERUNEK) VALUES ('MECHANIKA I BUDOWA MASZYN');
INSERT INTO KIERUNEK(KIERUNEK) VALUES ('TELEKOMUNIKACJA');
INSERT INTO KIERUNEK(KIERUNEK) VALUES ('TRANSPORT');
INSERT INTO KIERUNEK(KIERUNEK) VALUES ('ZARZADZANIE');
INSERT INTO KIERUNEK(KIERUNEK) VALUES ('ZARZADZENIE I INZYNIERIA PRODUKCJI');
--
--
-- -- -- SLOWA KLUCZOWE
INSERT INTO SLOWA_KLUCZOWE(SLOWO_KLUCZOWE) VALUES ('JAVA');
INSERT INTO SLOWA_KLUCZOWE(SLOWO_KLUCZOWE) VALUES ('Raspberry Pi');
INSERT INTO SLOWA_KLUCZOWE(SLOWO_KLUCZOWE) VALUES ('Python');
INSERT INTO SLOWA_KLUCZOWE(SLOWO_KLUCZOWE) VALUES ('C++');
INSERT INTO SLOWA_KLUCZOWE(SLOWO_KLUCZOWE) VALUES ('Sieci Bezprzewodowe');
INSERT INTO SLOWA_KLUCZOWE(SLOWO_KLUCZOWE) VALUES ('Sieci neuronowe');
INSERT INTO SLOWA_KLUCZOWE(SLOWO_KLUCZOWE) VALUES ('Klasyfikacja zdjec');
INSERT INTO SLOWA_KLUCZOWE(SLOWO_KLUCZOWE) VALUES ('Przetwarzenie Cyfrowe Obrazow');
INSERT INTO SLOWA_KLUCZOWE(SLOWO_KLUCZOWE) VALUES ('Analiza danych');
INSERT INTO SLOWA_KLUCZOWE(SLOWO_KLUCZOWE) VALUES ('Maszynowe uczenie');
INSERT INTO SLOWA_KLUCZOWE(SLOWO_KLUCZOWE) VALUES ('Matematyka');
INSERT INTO SLOWA_KLUCZOWE(SLOWO_KLUCZOWE) VALUES ('Dron');
INSERT INTO SLOWA_KLUCZOWE(SLOWO_KLUCZOWE) VALUES ('Teoria obwodow');
INSERT INTO SLOWA_KLUCZOWE(SLOWO_KLUCZOWE) VALUES ('Zarzadzanie');
INSERT INTO SLOWA_KLUCZOWE(SLOWO_KLUCZOWE) VALUES ('Bazy Danych');
INSERT INTO SLOWA_KLUCZOWE(SLOWO_KLUCZOWE) VALUES ('Metody zarzadzania');
INSERT INTO SLOWA_KLUCZOWE(SLOWO_KLUCZOWE) VALUES ('Teoria pola');
INSERT INTO SLOWA_KLUCZOWE(SLOWO_KLUCZOWE) VALUES ('Fizyka kwantowa');
INSERT INTO SLOWA_KLUCZOWE(SLOWO_KLUCZOWE) VALUES ('Elektromagentyzm');
INSERT INTO SLOWA_KLUCZOWE(SLOWO_KLUCZOWE) VALUES ('Modelowanie procesow');
--
-- -- STUDENT
INSERT INTO STUDENT(IMIE, NAZWISKO, NR_INDEKSU, EMAIL) VALUES ('WOJCIECH','KOSZELA','295376','295376@PW.EDU.PL');
INSERT INTO STUDENT(IMIE, NAZWISKO, NR_INDEKSU, EMAIL) VALUES ('PIOTR','JABLONSKA','219231','219231@PW.EDU.PL');
INSERT INTO STUDENT(IMIE, NAZWISKO, NR_INDEKSU, EMAIL) VALUES ('DOROTA','WISNIEWSKA','139291','139291@PW.EDU.PL');
INSERT INTO STUDENT(IMIE, NAZWISKO, NR_INDEKSU, EMAIL) VALUES ('PAULINA','MAZUR','261431','261431@PW.EDU.PL');
INSERT INTO STUDENT(IMIE, NAZWISKO, NR_INDEKSU, EMAIL) VALUES ('ANNA','JABLONSKA','205216','205216@PW.EDU.PL');
INSERT INTO STUDENT(IMIE, NAZWISKO, NR_INDEKSU, EMAIL) VALUES ('WLODZIMIERZ','ZARADNY','215326','215326@PW.EDU.PL');
INSERT INTO STUDENT(IMIE, NAZWISKO, NR_INDEKSU, EMAIL) VALUES ('ADAM','MARKIEWICZ','223216','223216@PW.EDU.PL');
INSERT INTO STUDENT(IMIE, NAZWISKO, NR_INDEKSU, EMAIL) VALUES ('DOROTA','KANAPKA','231226','231226@PW.EDU.PL');
INSERT INTO STUDENT(IMIE, NAZWISKO, NR_INDEKSU, EMAIL) VALUES ('PIOTR','MAKA','222116','222116@PW.EDU.PL');
INSERT INTO STUDENT(IMIE, NAZWISKO, NR_INDEKSU, EMAIL) VALUES ('PIOTR','WOJCIECHOWSKA','199123','199123@PW.EDU.PL');
INSERT INTO STUDENT(IMIE, NAZWISKO, NR_INDEKSU, EMAIL) VALUES ('ADAM','LOCH','294362','294362@PW.EDU.PL');
INSERT INTO STUDENT(IMIE, NAZWISKO, NR_INDEKSU, EMAIL) VALUES ('DOROTA','KUBICA','113123','113123@PW.EDU.PL');
INSERT INTO STUDENT(IMIE, NAZWISKO, NR_INDEKSU, EMAIL) VALUES ('PAULINA','JANTAR','113322','113322@PW.EDU.PL');
INSERT INTO STUDENT(IMIE, NAZWISKO, NR_INDEKSU, EMAIL) VALUES ('ADAM','KONOPNCIKI','199211','199211@PW.EDU.PL');
INSERT INTO STUDENT(IMIE, NAZWISKO, NR_INDEKSU, EMAIL) VALUES ('PIOTR','LUDMIRSKI','210291','210291@PW.EDU.PL');
INSERT INTO STUDENT(IMIE, NAZWISKO, NR_INDEKSU, EMAIL) VALUES ('ANNA','KRAWCZYK','205355','205355@PW.EDU.PL');
INSERT INTO STUDENT(IMIE, NAZWISKO, NR_INDEKSU, EMAIL) VALUES ('DOROTA','ZAJAC','205344','205344@PW.EDU.PL');
INSERT INTO STUDENT(IMIE, NAZWISKO, NR_INDEKSU, EMAIL) VALUES ('PIOTR','ZIELINSKI','201426','201426@PW.EDU.PL');
INSERT INTO STUDENT(IMIE, NAZWISKO, NR_INDEKSU, EMAIL) VALUES ('DOROTA','PAJAK','205326','205326@PW.EDU.PL');
INSERT INTO STUDENT(IMIE, NAZWISKO, NR_INDEKSU, EMAIL) VALUES ('PIOTR','KRAWCZYK','105326','105326@PW.EDU.PL');
--
--
-- -- -- OPIS_PRACY_DYPLOMOWEJ
INSERT INTO OPIS_PRACY_DYPLOMOWEJ(ID_PRACA_DYPLOMOWA, ID_SLOWA) VALUES(1,3);
INSERT INTO OPIS_PRACY_DYPLOMOWEJ(ID_PRACA_DYPLOMOWA, ID_SLOWA) VALUES(1,4);
INSERT INTO OPIS_PRACY_DYPLOMOWEJ(ID_PRACA_DYPLOMOWA, ID_SLOWA) VALUES(1,8);
INSERT INTO OPIS_PRACY_DYPLOMOWEJ(ID_PRACA_DYPLOMOWA, ID_SLOWA) VALUES(2,12);
INSERT INTO OPIS_PRACY_DYPLOMOWEJ(ID_PRACA_DYPLOMOWA, ID_SLOWA) VALUES(2,3);
INSERT INTO OPIS_PRACY_DYPLOMOWEJ(ID_PRACA_DYPLOMOWA, ID_SLOWA) VALUES(2,2);
INSERT INTO OPIS_PRACY_DYPLOMOWEJ(ID_PRACA_DYPLOMOWA, ID_SLOWA) VALUES(3,11);
INSERT INTO OPIS_PRACY_DYPLOMOWEJ(ID_PRACA_DYPLOMOWA, ID_SLOWA) VALUES(4,11);
INSERT INTO OPIS_PRACY_DYPLOMOWEJ(ID_PRACA_DYPLOMOWA, ID_SLOWA) VALUES(5,8);
INSERT INTO OPIS_PRACY_DYPLOMOWEJ(ID_PRACA_DYPLOMOWA, ID_SLOWA) VALUES(6,11);
INSERT INTO OPIS_PRACY_DYPLOMOWEJ(ID_PRACA_DYPLOMOWA, ID_SLOWA) VALUES(7,5);
INSERT INTO OPIS_PRACY_DYPLOMOWEJ(ID_PRACA_DYPLOMOWA, ID_SLOWA) VALUES(8,15);
INSERT INTO OPIS_PRACY_DYPLOMOWEJ(ID_PRACA_DYPLOMOWA, ID_SLOWA) VALUES(9,15);
INSERT INTO OPIS_PRACY_DYPLOMOWEJ(ID_PRACA_DYPLOMOWA, ID_SLOWA) VALUES(10,2);
INSERT INTO OPIS_PRACY_DYPLOMOWEJ(ID_PRACA_DYPLOMOWA, ID_SLOWA) VALUES(11,11);
INSERT INTO OPIS_PRACY_DYPLOMOWEJ(ID_PRACA_DYPLOMOWA, ID_SLOWA) VALUES(12,12);
INSERT INTO OPIS_PRACY_DYPLOMOWEJ(ID_PRACA_DYPLOMOWA, ID_SLOWA) VALUES(13,8);
INSERT INTO OPIS_PRACY_DYPLOMOWEJ(ID_PRACA_DYPLOMOWA, ID_SLOWA) VALUES(14,9);
INSERT INTO OPIS_PRACY_DYPLOMOWEJ(ID_PRACA_DYPLOMOWA, ID_SLOWA) VALUES(15,5);
INSERT INTO OPIS_PRACY_DYPLOMOWEJ(ID_PRACA_DYPLOMOWA, ID_SLOWA) VALUES(16,2);
INSERT INTO OPIS_PRACY_DYPLOMOWEJ(ID_PRACA_DYPLOMOWA, ID_SLOWA) VALUES(17,4);
INSERT INTO OPIS_PRACY_DYPLOMOWEJ(ID_PRACA_DYPLOMOWA, ID_SLOWA) VALUES(18,5);
INSERT INTO OPIS_PRACY_DYPLOMOWEJ(ID_PRACA_DYPLOMOWA, ID_SLOWA) VALUES(19,10);
INSERT INTO OPIS_PRACY_DYPLOMOWEJ(ID_PRACA_DYPLOMOWA, ID_SLOWA) VALUES(20,19);
--
-- -- -- OBRONY_STUDENTA
INSERT INTO OBRONY_STUDENTA(ID_STUDENT,ID_OBRONA) VALUES(1,10);
INSERT INTO OBRONY_STUDENTA(ID_STUDENT,ID_OBRONA) VALUES(1,6);
INSERT INTO OBRONY_STUDENTA(ID_STUDENT,ID_OBRONA) VALUES(3,3);
INSERT INTO OBRONY_STUDENTA(ID_STUDENT,ID_OBRONA) VALUES(4,4);
INSERT INTO OBRONY_STUDENTA(ID_STUDENT,ID_OBRONA) VALUES(5,5);
INSERT INTO OBRONY_STUDENTA(ID_STUDENT,ID_OBRONA) VALUES(6,6);
INSERT INTO OBRONY_STUDENTA(ID_STUDENT,ID_OBRONA) VALUES(7,7);
INSERT INTO OBRONY_STUDENTA(ID_STUDENT,ID_OBRONA) VALUES(8,8);
INSERT INTO OBRONY_STUDENTA(ID_STUDENT,ID_OBRONA) VALUES(9,9);
INSERT INTO OBRONY_STUDENTA(ID_STUDENT,ID_OBRONA) VALUES(10,10);
INSERT INTO OBRONY_STUDENTA(ID_STUDENT,ID_OBRONA) VALUES(11,12);
INSERT INTO OBRONY_STUDENTA(ID_STUDENT,ID_OBRONA) VALUES(11,13);
INSERT INTO OBRONY_STUDENTA(ID_STUDENT,ID_OBRONA) VALUES(12,13);
INSERT INTO OBRONY_STUDENTA(ID_STUDENT,ID_OBRONA) VALUES(13,14);
INSERT INTO OBRONY_STUDENTA(ID_STUDENT,ID_OBRONA) VALUES(15,16);
INSERT INTO OBRONY_STUDENTA(ID_STUDENT,ID_OBRONA) VALUES(16,17);
INSERT INTO OBRONY_STUDENTA(ID_STUDENT,ID_OBRONA) VALUES(17,18);
INSERT INTO OBRONY_STUDENTA(ID_STUDENT,ID_OBRONA) VALUES(18,19);
INSERT INTO OBRONY_STUDENTA(ID_STUDENT,ID_OBRONA) VALUES(19,20);
INSERT INTO OBRONY_STUDENTA(ID_STUDENT,ID_OBRONA) VALUES(20,1);
--
-- -- -- KIERUNKI_STUDENTA
INSERT INTO KIERUNKI_STUDENTA(ID_STUDENT, ID_KIERUNEK) VALUES(1,11);
INSERT INTO KIERUNKI_STUDENTA(ID_STUDENT, ID_KIERUNEK) VALUES(2,11);
INSERT INTO KIERUNKI_STUDENTA(ID_STUDENT, ID_KIERUNEK) VALUES(3,11);
INSERT INTO KIERUNKI_STUDENTA(ID_STUDENT, ID_KIERUNEK) VALUES(4,11);
INSERT INTO KIERUNKI_STUDENTA(ID_STUDENT, ID_KIERUNEK) VALUES(5,11);
INSERT INTO KIERUNKI_STUDENTA(ID_STUDENT, ID_KIERUNEK) VALUES(6,11);
INSERT INTO KIERUNKI_STUDENTA(ID_STUDENT, ID_KIERUNEK) VALUES(7,11);
INSERT INTO KIERUNKI_STUDENTA(ID_STUDENT, ID_KIERUNEK) VALUES(8,11);
INSERT INTO KIERUNKI_STUDENTA(ID_STUDENT, ID_KIERUNEK) VALUES(9,11);
INSERT INTO KIERUNKI_STUDENTA(ID_STUDENT, ID_KIERUNEK) VALUES(10,11);
INSERT INTO KIERUNKI_STUDENTA(ID_STUDENT, ID_KIERUNEK) VALUES(11,1);
INSERT INTO KIERUNKI_STUDENTA(ID_STUDENT, ID_KIERUNEK) VALUES(12,7);
INSERT INTO KIERUNKI_STUDENTA(ID_STUDENT, ID_KIERUNEK) VALUES(13,7);
INSERT INTO KIERUNKI_STUDENTA(ID_STUDENT, ID_KIERUNEK) VALUES(14,7);
INSERT INTO KIERUNKI_STUDENTA(ID_STUDENT, ID_KIERUNEK) VALUES(15,11);
INSERT INTO KIERUNKI_STUDENTA(ID_STUDENT, ID_KIERUNEK) VALUES(16,19);
INSERT INTO KIERUNKI_STUDENTA(ID_STUDENT, ID_KIERUNEK) VALUES(17,19);
INSERT INTO KIERUNKI_STUDENTA(ID_STUDENT, ID_KIERUNEK) VALUES(18,11);
INSERT INTO KIERUNKI_STUDENTA(ID_STUDENT, ID_KIERUNEK) VALUES(19,11);
INSERT INTO KIERUNKI_STUDENTA(ID_STUDENT, ID_KIERUNEK) VALUES(20,11);
--
--
--
-- -- OPIEKUNOWIE_PRACY_DYPLOMOWYCH
-- --Poniższe trzy rekordy wprowadzają do Bazy Danych 3 różne oceny Pracy Dyplomowej (1 - recenzent, 2- promotor, 3- recenzent)
INSERT INTO OPIEKUNOWIE_PRAC_DYPLOMOWYCH(ID_PRACA_DYPLOMOWA,ID_PRACOWNIK_UCZELNI,CZY_PROMOTOR, ID_OCENA_FK) VALUES(1,1,0,5);
INSERT INTO OPIEKUNOWIE_PRAC_DYPLOMOWYCH(ID_PRACA_DYPLOMOWA,ID_PRACOWNIK_UCZELNI,CZY_PROMOTOR, ID_OCENA_FK) VALUES(1,2,1,6);
INSERT INTO OPIEKUNOWIE_PRAC_DYPLOMOWYCH(ID_PRACA_DYPLOMOWA,ID_PRACOWNIK_UCZELNI,CZY_PROMOTOR, ID_OCENA_FK) VALUES(1,3,0,6);
-- --- Dalsze rekordy opisują promotorów prac dyplomowych i oceny
INSERT INTO OPIEKUNOWIE_PRAC_DYPLOMOWYCH(ID_PRACA_DYPLOMOWA,ID_PRACOWNIK_UCZELNI,CZY_PROMOTOR, ID_OCENA_FK) VALUES(2,2,1,6);
INSERT INTO OPIEKUNOWIE_PRAC_DYPLOMOWYCH(ID_PRACA_DYPLOMOWA,ID_PRACOWNIK_UCZELNI,CZY_PROMOTOR, ID_OCENA_FK) VALUES(3,11,1,6);
INSERT INTO OPIEKUNOWIE_PRAC_DYPLOMOWYCH(ID_PRACA_DYPLOMOWA,ID_PRACOWNIK_UCZELNI,CZY_PROMOTOR, ID_OCENA_FK) VALUES(4,12,1,6);
INSERT INTO OPIEKUNOWIE_PRAC_DYPLOMOWYCH(ID_PRACA_DYPLOMOWA,ID_PRACOWNIK_UCZELNI,CZY_PROMOTOR, ID_OCENA_FK) VALUES(5,6,1,5);
INSERT INTO OPIEKUNOWIE_PRAC_DYPLOMOWYCH(ID_PRACA_DYPLOMOWA,ID_PRACOWNIK_UCZELNI,CZY_PROMOTOR, ID_OCENA_FK) VALUES(6,19,1,3);
INSERT INTO OPIEKUNOWIE_PRAC_DYPLOMOWYCH(ID_PRACA_DYPLOMOWA,ID_PRACOWNIK_UCZELNI,CZY_PROMOTOR, ID_OCENA_FK) VALUES(7,18,1,4);
INSERT INTO OPIEKUNOWIE_PRAC_DYPLOMOWYCH(ID_PRACA_DYPLOMOWA,ID_PRACOWNIK_UCZELNI,CZY_PROMOTOR, ID_OCENA_FK) VALUES(8,5,1,7);
INSERT INTO OPIEKUNOWIE_PRAC_DYPLOMOWYCH(ID_PRACA_DYPLOMOWA,ID_PRACOWNIK_UCZELNI,CZY_PROMOTOR, ID_OCENA_FK) VALUES(9,10,1,6);
INSERT INTO OPIEKUNOWIE_PRAC_DYPLOMOWYCH(ID_PRACA_DYPLOMOWA,ID_PRACOWNIK_UCZELNI,CZY_PROMOTOR, ID_OCENA_FK) VALUES(10,10,1,6);
INSERT INTO OPIEKUNOWIE_PRAC_DYPLOMOWYCH(ID_PRACA_DYPLOMOWA,ID_PRACOWNIK_UCZELNI,CZY_PROMOTOR, ID_OCENA_FK) VALUES(11,10,1,7);
INSERT INTO OPIEKUNOWIE_PRAC_DYPLOMOWYCH(ID_PRACA_DYPLOMOWA,ID_PRACOWNIK_UCZELNI,CZY_PROMOTOR, ID_OCENA_FK) VALUES(12,17,1,3);
INSERT INTO OPIEKUNOWIE_PRAC_DYPLOMOWYCH(ID_PRACA_DYPLOMOWA,ID_PRACOWNIK_UCZELNI,CZY_PROMOTOR, ID_OCENA_FK) VALUES(13,16,1,2);
INSERT INTO OPIEKUNOWIE_PRAC_DYPLOMOWYCH(ID_PRACA_DYPLOMOWA,ID_PRACOWNIK_UCZELNI,CZY_PROMOTOR, ID_OCENA_FK) VALUES(14,1,1,6);
INSERT INTO OPIEKUNOWIE_PRAC_DYPLOMOWYCH(ID_PRACA_DYPLOMOWA,ID_PRACOWNIK_UCZELNI,CZY_PROMOTOR, ID_OCENA_FK) VALUES(15,11,1,3);
INSERT INTO OPIEKUNOWIE_PRAC_DYPLOMOWYCH(ID_PRACA_DYPLOMOWA,ID_PRACOWNIK_UCZELNI,CZY_PROMOTOR, ID_OCENA_FK) VALUES(16,9,1,7);
INSERT INTO OPIEKUNOWIE_PRAC_DYPLOMOWYCH(ID_PRACA_DYPLOMOWA,ID_PRACOWNIK_UCZELNI,CZY_PROMOTOR, ID_OCENA_FK) VALUES(17,20,1,5);
INSERT INTO OPIEKUNOWIE_PRAC_DYPLOMOWYCH(ID_PRACA_DYPLOMOWA,ID_PRACOWNIK_UCZELNI,CZY_PROMOTOR, ID_OCENA_FK) VALUES(18,12,1,6);
INSERT INTO OPIEKUNOWIE_PRAC_DYPLOMOWYCH(ID_PRACA_DYPLOMOWA,ID_PRACOWNIK_UCZELNI,CZY_PROMOTOR, ID_OCENA_FK) VALUES(19,11,1,4);
INSERT INTO OPIEKUNOWIE_PRAC_DYPLOMOWYCH(ID_PRACA_DYPLOMOWA,ID_PRACOWNIK_UCZELNI,CZY_PROMOTOR, ID_OCENA_FK) VALUES(20,10,1,6);
